ImageNumber,ObjectNumber,Location_Center_X,Location_Center_Y,Location_Center_Z,Number_Object_Number
1,1,946.5016949152542,90.72203389830509,0,1
1,2,977.9180327868852,95.09016393442623,0,2
1,3,528.3164335664336,120.05244755244755,0,3
1,4,504.25528169014086,136.02464788732394,0,4
1,5,589.9752808988763,134.7685393258427,0,5
1,6,643.2848101265823,141.93248945147678,0,6
1,7,580.7183673469387,154.79319727891158,0,7
1,8,695.545652173913,155.2108695652174,0,8
1,9,274.6749226006192,167.62229102167183,0,9
1,10,642.2216117216117,167.32600732600733,0,10
1,11,364.355629877369,292.0746934225195,0,11
1,12,729.7335203366059,269.05329593267885,0,12
1,13,403.8636363636364,287.46791443850265,0,13
1,14,692.3430656934306,295.1046228710462,0,14
1,15,725.360655737705,291.844262295082,0,15
1,16,765.4550898203593,292.8532934131737,0,16
1,17,355.9550724637681,316.17246376811596,0,17
1,18,658.2799145299145,307.12606837606836,0,18
1,19,936.3263888888889,313.87152777777777,0,19
1,20,482.06985294117646,308.63786764705884,0,20
1,21,724.904,306.712,0,21
1,22,759.3244552058111,314.7772397094431,0,22
1,23,605.5062344139651,318.46633416458855,0,23
1,24,697.0889830508474,320.8262711864407,0,24
1,25,446.97780678851177,326.7206266318538,0,25
1,26,730.0935412026726,325.39866369710467,0,26
1,27,641.1882845188285,322.2928870292887,0,27
1,28,476.64044943820227,321.9550561797753,0,28
1,29,701.2645654250239,339.84909264565425,0,29
1,30,89.30958230958231,333.84766584766584,0,30
1,31,510.7470167064439,330.5871121718377,0,31
1,32,758.98125,331.025,0,32
1,33,775.6202247191011,339.69662921348316,0,33
1,34,644.6074074074074,340.35555555555555,0,34
1,35,948.5787037037037,346.9675925925926,0,35
1,36,805.9908256880734,353.69113149847095,0,36
1,37,318.0391872278665,378.40928882438317,0,37
1,38,381.87423312883436,361.0782208588957,0,38
1,39,723.475442043222,373.97445972495086,0,39
1,40,369.90425531914894,382.2836879432624,0,40
1,41,333.18518518518516,398.0524691358025,0,41
1,42,915.8733153638814,410.0215633423181,0,42
1,43,961.007874015748,413.70603674540683,0,43
1,44,872.1016260162602,419.5,0,44
1,45,50.847682119205295,433.03973509933775,0,45
1,46,746.7163323782235,438.9598853868195,0,46
1,47,86.64846416382252,448.06825938566556,0,47
1,48,56.850202429149796,452.62348178137654,0,48
1,49,65.36979969183359,468.2804314329738,0,49
1,50,66.71604938271605,478.2098765432099,0,50
1,51,68.3785594639866,491.13400335008373,0,51
1,52,830.3561320754717,585.4056603773585,0,52
1,53,777.5565610859728,588.0294117647059,0,53
1,54,877.5985611510791,616.8992805755396,0,54
1,55,966.9738317757009,611.0280373831775,0,55
1,56,939.369696969697,596.8515151515152,0,56
1,57,856.1684210526316,594.3263157894737,0,57
1,58,981.5050505050505,599.3939393939394,0,58
1,59,772.0094339622641,609.5943396226415,0,59
1,60,901.0366492146596,630.1396160558464,0,60
1,61,796.4893617021277,607.8510638297872,0,61
1,62,841.5892018779343,607.2699530516431,0,62
1,63,761.4801512287335,628.9735349716447,0,63
1,64,738.621409921671,627.4073107049609,0,64
1,65,712.3073047858942,623.7103274559194,0,65
1,66,928.3242074927954,647.7291066282421,0,66
1,67,825.9634146341464,618.1585365853658,0,67
1,68,474.3640040444894,640.6329625884732,0,68
1,69,951.9114906832298,653.2546583850932,0,69
1,70,434.06070826306916,623.8532883642496,0,70
1,71,576.3422370617697,627.2136894824708,0,71
1,72,800.048275862069,629.6758620689656,0,72
1,73,844.9701492537314,629.5298507462686,0,73
1,74,162.25,653.3093525179856,0,74
1,75,203.7543103448276,639.4159482758621,0,75
1,76,384.3196544276458,675.7699784017278,0,76
1,77,430.1135781383433,654.4859094790777,0,77
1,78,715.3854166666666,651.7838541666666,0,78
1,79,407.0623268698061,678.5761772853185,0,79
1,80,914.1146496815287,657.5541401273886,0,80
1,81,488.15604395604396,654.9406593406593,0,81
1,82,882.2056737588653,666.090780141844,0,82
1,83,255.110599078341,648.7327188940092,0,83
1,84,364.0143884892086,673.9874100719425,0,84
1,85,343.3269230769231,673.09375,0,85
1,86,811.7362482369534,653.3497884344147,0,86
1,87,973.516129032258,657.2137096774194,0,87
1,88,889.070707070707,656.2424242424242,0,88
1,89,287.53218884120173,655.7811158798283,0,89
1,90,497.31166912850813,674.5819793205318,0,90
1,91,485.9264705882353,670.7279411764706,0,91
1,92,858.5247524752475,678.3787128712871,0,92
1,93,981.2207207207207,685.1666666666666,0,93
1,94,442.86052631578946,689.0973684210526,0,94
1,95,507.32512315270935,695.9507389162561,0,95
1,96,490.0134228187919,698.6644295302013,0,96
1,97,457.5206611570248,697.0909090909091,0,97
1,98,449.6341911764706,712.1672794117648,0,98
1,99,490.02030456852793,719.1725888324873,0,99
1,100,215.75321336760925,757.491002570694,0,100
1,101,259.11559139784947,763.6989247311828,0,101
1,102,604.5098039215686,795.7540106951872,0,102
1,103,267.30550621669624,784.1989342806394,0,103
1,104,208.5745856353591,777.8232044198895,0,104
1,105,178.35763888888889,805.9565972222222,0,105
1,106,109.84139784946237,802.2889784946236,0,106
1,107,232.2536945812808,803.2167487684729,0,107
1,108,203.6875,808.275,0,108
1,109,322.95280898876405,824.5258426966292,0,109
1,110,61.296015180265655,823.0284629981024,0,110
1,111,208.7658536585366,821.9731707317073,0,111
1,112,112.61512027491409,835.0515463917526,0,112
1,113,897.2269076305221,848.9779116465863,0,113
1,114,805.6620370370371,839.9513888888889,0,114
1,115,861.0763888888889,847.7824074074074,0,115
1,116,56.97435897435897,838.982905982906,0,116
1,117,80.74545454545455,843.3181818181819,0,117
1,118,445.6896551724138,882.6402298850575,0,118
1,119,503.59056603773587,866.954716981132,0,119
1,120,466.4952153110048,894.3397129186603,0,120
1,121,575.6508728179551,902.8154613466335,0,121
1,122,621.2384105960265,906.2273730684327,0,122
1,123,445.0416666666667,917.5416666666666,0,123
1,124,670.817014446228,937.6886035313001,0,124
1,125,647.1416184971098,936.3005780346821,0,125
1,126,636.1261261261261,925.1801801801802,0,126
1,127,622.9189814814815,942.4328703703703,0,127
1,128,695.324074074074,944.7453703703703,0,128
1,129,453.352534562212,932.7834101382489,0,129
1,130,976.5044247787611,935.8495575221239,0,130
1,131,678.8273381294964,955.6762589928057,0,131
1,132,536.2276422764228,953.2140921409214,0,132
1,133,472.860248447205,956.1490683229814,0,133
1,134,952.7672811059908,967.5990783410139,0,134
1,135,974.4090909090909,961.7532467532468,0,135
1,136,909.1425992779783,970.7166064981949,0,136
1,137,866.6691176470588,970.1421568627451,0,137
1,138,636.7532133676093,970.2390745501285,0,138
1,139,546.3073005093379,978.1867572156197,0,139
2,1,678.1978021978022,38.30769230769231,0,1
2,2,625.2512315270936,60.0923645320197,0,2
2,3,950.2494802494803,62.75051975051975,0,3
2,4,705.5719921104536,63.40828402366864,0,4
2,5,970.5600858369098,71.52145922746782,0,5
2,6,81.56218057921636,125.91652470187394,0,6
2,7,74.08959537572254,145.14306358381504,0,7
2,8,663.0408163265306,145.0732292917167,0,8
2,9,683.6390532544378,165.92603550295857,0,9
2,10,641.4401709401709,177.11680911680912,0,10
2,11,686.1526315789474,190.03859649122808,0,11
2,12,656.6471910112359,192.04044943820224,0,12
2,13,704.0492307692308,201.29846153846154,0,13
2,14,569.6934523809524,196.48809523809524,0,14
2,15,149.61267605633802,215.8732394366197,0,15
2,16,212.0356234096692,211.5063613231552,0,16
2,17,713.0392156862745,230.38235294117646,0,17
2,18,726.9794026776519,259.7157569515963,0,18
2,19,160.6541889483066,232.63279857397504,0,19
2,20,240.15075376884423,232.06658291457288,0,20
2,21,176.83651804670913,248.19957537154988,0,21
2,22,330.2424778761062,251.26902654867257,0,22
2,23,306.4020442930153,261.31005110732536,0,23
2,24,747.5616942909761,265.5930018416206,0,24
2,25,206.51434426229508,257.7254098360656,0,25
2,26,259.5759493670886,256.3101265822785,0,26
2,27,291.578313253012,267.90361445783134,0,27
2,28,259.35099337748346,269.81456953642385,0,28
2,29,253.85376661742984,284.80945347119643,0,29
2,30,399.6742301458671,286.0032414910859,0,30
2,31,695.175313059034,296.51878354203933,0,31
2,32,302.8793969849246,287.83249581239534,0,32
2,33,367.3017857142857,292.11071428571427,0,33
2,34,675.0611510791367,307.9298561151079,0,34
2,35,658.1020408163265,328.8304552590267,0,35
2,36,731.1798245614035,318.62719298245617,0,36
2,37,361.920233463035,311.83268482490274,0,37
2,38,634.1208791208791,332.16483516483515,0,38
2,39,713.7986577181208,319.255033557047,0,39
2,40,559.3057065217391,347.0095108695652,0,40
2,41,590.4166666666666,345.5515873015873,0,41
2,42,626.9752925877764,356.10923276983095,0,42
2,43,694.5948905109489,349.7919708029197,0,43
2,44,534.15,353.9770833333333,0,44
2,45,506.25,359.7014563106796,0,45
2,46,914.9375,356.5053571428571,0,46
2,47,658.4057971014493,365.06280193236717,0,47
2,48,564.123595505618,370.44943820224717,0,48
2,49,596.19,372.37,0,49
2,50,631.6784140969163,392.3105726872247,0,50
2,51,667.8913043478261,395.3294314381271,0,51
2,52,540.3656884875846,390.7088036117382,0,52
2,53,515.4774193548387,395.4,0,53
2,54,581.7615526802218,384.7597042513863,0,54
2,55,689.7664835164835,399.6675824175824,0,55
2,56,562.1222222222223,397.3888888888889,0,56
2,57,602.5695931477516,409.62955032119913,0,57
2,58,563.6659142212189,413.2799097065463,0,58
2,59,627.3253012048193,411.39156626506025,0,59
2,60,537.44,417.01,0,60
2,61,522.5727272727273,428.6454545454545,0,61
2,62,417.15274949083505,422.8085539714868,0,62
2,63,454.78426395939084,431.18781725888323,0,63
2,64,575.775,420.85,0,64
2,65,632.5922746781116,427.3047210300429,0,65
2,66,668.7149122807018,440.984649122807,0,66
2,67,601.1034482758621,430.9425287356322,0,67
2,68,602.8971061093248,442.2454448017149,0,68
2,69,247.1139240506329,456.72151898734177,0,69
2,70,505.5311284046693,486.4571984435798,0,70
2,71,459.0444078947368,481.2730263157895,0,71
2,72,393.6578947368421,514.6789473684211,0,72
2,73,431.31159420289856,522.8159420289855,0,73
2,74,371.4,524.1095238095238,0,74
2,75,348.91009174311927,531.8,0,75
2,76,424.8125,537.5859375,0,76
2,77,418.352808988764,552.8089887640449,0,77
2,78,115.58091286307054,568.7655601659751,0,78
2,79,56.182539682539684,585.3822751322751,0,79
2,80,239.8935185185185,574.3194444444445,0,80
2,81,197.68863636363636,568.6909090909091,0,81
2,82,399.33272727272725,573.3145454545455,0,82
2,83,470.1282722513089,567.1544502617801,0,83
2,84,416.14606741573033,567.0337078651686,0,84
2,85,449.82142857142856,573.202380952381,0,85
2,86,110.94762684124386,593.6530278232406,0,86
2,87,440.9789029535865,588.753164556962,0,87
2,88,748.7838765008577,601.3996569468268,0,88
2,89,67.96059113300493,605.5582922824302,0,89
2,90,121.56818181818181,588.1515151515151,0,90
2,91,190.10344827586206,580.8045977011494,0,91
2,92,158.3264887063655,589.5544147843942,0,92
2,93,473.9526315789474,590.5947368421052,0,93
2,94,175.87019230769232,604.4086538461538,0,94
2,95,776.4192439862543,606.9072164948453,0,95
2,96,83.39393939393939,621.3454545454546,0,96
2,97,102.99211045364892,625.6666666666666,0,97
2,98,511.47058823529414,609.9617647058824,0,98
2,99,483.29024390243904,618.1292682926829,0,99
2,100,807.3963963963964,637.4984984984985,0,100
2,101,528.4644549763033,643.4336492890995,0,101
2,102,506.3851851851852,654.1530864197531,0,102
2,103,761.820895522388,664.9900497512438,0,103
2,104,838.9728260869565,670.2826086956521,0,104
2,105,726.5827338129496,672.6330935251799,0,105
2,106,767.0104438642297,688.579634464752,0,106
2,107,726.8474025974026,695.7954545454545,0,107
2,108,796.4288659793815,709.8123711340206,0,108
2,109,856.1353535353535,716.6565656565657,0,109
2,110,760.875,705.0673076923077,0,110
2,111,879.1566820276498,721.3133640552995,0,111
2,112,78.09162303664921,711.3848167539267,0,112
2,113,705.1777777777778,713.9333333333333,0,113
2,114,767.8617710583153,730.488120950324,0,114
2,115,730.6847826086956,711.7065217391304,0,115
2,116,903.9904458598726,723.9108280254777,0,116
2,117,836.1452991452992,730.3803418803419,0,117
2,118,357.60348583877993,731.5294117647059,0,118
2,119,713.188679245283,733.2153163152053,0,119
2,120,814.4125874125874,736.8391608391609,0,120
2,121,895.0823529411765,736.0941176470589,0,121
2,122,801.0434782608696,741.2360248447205,0,122
2,123,446.9850746268657,742.5778251599147,0,123
2,124,280.4027954256671,740.113087674714,0,124
2,125,610.4335511982571,738.8736383442266,0,125
2,126,747.4625850340136,764.7482993197278,0,126
2,127,879.6635514018692,750.6915887850467,0,127
2,128,705.3284671532847,757.4069343065694,0,128
2,129,853.0505050505051,754.6515151515151,0,129
2,130,799.8055555555555,759.5611111111111,0,130
2,131,920.1120943952802,761.6194690265487,0,131
2,132,242.72272727272727,760.4659090909091,0,132
2,133,875.2167577413479,767.9672131147541,0,133
2,134,899.0894495412844,764.9839449541284,0,134
2,135,197.45572354211663,759.4924406047517,0,135
2,136,503.91129032258067,752.9005376344086,0,136
2,137,257.0217391304348,751.3369565217391,0,137
2,138,297.4672897196262,753.4485981308411,0,138
2,139,611.9809523809524,752.8761904761905,0,139
2,140,280.78115501519756,759.7720364741641,0,140
2,141,560.2924528301887,763.6568396226415,0,141
2,142,624.305,766.5433333333333,0,142
2,143,730.745,766.345,0,143
2,144,844.2342342342342,770.1103603603603,0,144
2,145,319.17064846416383,765.9419795221843,0,145
2,146,790.1614100185528,780.2671614100185,0,146
2,147,728.0427927927927,786.1126126126126,0,147
2,148,245.47093023255815,784.7354651162791,0,148
2,149,564.7467105263158,784.735197368421,0,149
2,150,650.4700996677741,788.109634551495,0,150
2,151,867.2201492537314,792.2313432835821,0,151
2,152,828.6081871345029,799.2426900584795,0,152
2,153,607.239263803681,790.5460122699386,0,153
2,154,715.1577464788733,801.2732394366197,0,154
2,155,778.3584905660377,795.4905660377359,0,155
2,156,848.6973293768546,808.9910979228487,0,156
2,157,886.7297794117648,804.8823529411765,0,157
2,158,816.3164556962025,805.0759493670886,0,158
2,159,780.0611028315947,821.5201192250372,0,159
2,160,808.046204620462,817.3036303630363,0,160
2,161,617.2583025830259,818.6937269372694,0,161
2,162,754.0930735930735,828.8376623376623,0,162
2,163,594.2204724409448,829.5354330708661,0,163
2,164,650.7420634920635,829.9702380952381,0,164
3,1,776.2222222222222,89.34229390681004,0,1
3,2,247.0755711775044,126.64499121265378,0,2
3,3,548.5588235294117,147.61764705882354,0,3
3,4,448.9926605504587,198.5137614678899,0,4
3,5,464.2742980561555,296.6695464362851,0,5
3,6,194.85121107266437,348.719723183391,0,6
3,7,235.26829268292684,357.7357723577236,0,7
3,8,232.9326530612245,380.6183673469388,0,8
3,9,623.2778993435448,421.64113785557987,0,9
3,10,286.23100303951367,488.10182370820667,0,10
3,11,406.076404494382,539.5280898876405,0,11
3,12,450.58940397350995,568.0099337748344,0,12
3,13,521.6580406654343,584.2347504621072,0,13
3,14,687.6305418719212,575.1510673234811,0,14
3,15,567.7042640990371,611.2255845942228,0,15
3,16,768.5161904761904,609.4571428571429,0,16
3,17,704.9217081850534,595.6939501779359,0,17
3,18,803.8997429305913,625.5784061696658,0,18
3,19,813.9770114942529,648.6597701149425,0,19
3,20,804.3496784565916,677.217845659164,0,20
3,21,367.3532513181019,685.738137082601,0,21
3,22,856.6220806794055,691.7027600849257,0,22
3,23,316.88641975308644,694.2222222222222,0,23
3,24,352.95454545454544,695.0844155844156,0,24
3,25,805.6791208791209,702.1494505494505,0,25
3,26,837.25,705.4836956521739,0,26
3,27,362.10747663551405,712.498831775701,0,27
3,28,759.8263157894737,713.9815789473685,0,28
3,29,860.4970986460348,715.1121856866538,0,29
3,30,802.3480083857443,725.5199161425577,0,30
3,31,892.7394636015325,728.5708812260536,0,31
3,32,636.0231884057971,738.7420289855072,0,32
3,33,211.4264705882353,743.2156862745098,0,33
3,34,669.0566037735849,760.3820754716982,0,34
3,35,245.56185567010309,775.2646048109966,0,35
3,36,284.364,805.056,0,36
3,37,344.06161137440756,824.5450236966825,0,37
3,38,368.875,827.7175925925926,0,38
3,39,762.0907407407408,846.1055555555556,0,39
3,40,388.4925373134328,845.0895522388059,0,40
3,41,364.4715025906736,852.479274611399,0,41
3,42,764.860162601626,872.4504065040651,0,42
3,43,647.6987577639752,870.3695652173913,0,43
3,44,810.0649038461538,868.8966346153846,0,44
3,45,401.9761904761905,880.172619047619,0,45
3,46,614.5410958904109,891.8219178082192,0,46
3,47,190.61422413793105,899.9116379310345,0,47
3,48,534.6547085201794,950.719730941704,0,48
3,49,874.3594936708861,977.4860759493671,0,49
4,1,203.8629173989455,43.90158172231986,0,1
4,2,151.935,54.085,0,2
4,3,934.4713541666666,67.3984375,0,3
4,4,257.49307479224376,63.70637119113574,0,4
4,5,960.1687242798354,65.76954732510288,0,5
4,6,205.37884615384615,65.42307692307692,0,6
4,7,910.2995867768595,91.55371900826447,0,7
4,8,928.8065268065268,92.02097902097903,0,8
4,9,981.0945945945946,92.70270270270271,0,9
4,10,961.1215596330276,100.26146788990826,0,10
4,11,879.6951476793249,139.14345991561183,0,11
4,12,118.41176470588235,111.53464052287582,0,12
4,13,854.1082474226804,137.3414948453608,0,13
4,14,931.6176470588235,114.8663101604278,0,14
4,15,951.743119266055,115.10091743119266,0,15
4,16,149.72434607645874,121.69014084507042,0,16
4,17,978.0941475826972,144.68702290076337,0,17
4,18,940.5917721518987,136.42246835443038,0,18
4,19,900.9173789173789,140.002849002849,0,19
4,20,916.0849056603773,133.62264150943398,0,20
4,21,741.0923520923521,154.10966810966812,0,21
4,22,279.7522935779817,144.25382262996942,0,22
4,23,54.23666343355965,191.6459747817653,0,23
4,24,961.986155484558,181.28753993610223,0,24
4,25,916.5386029411765,178.40992647058823,0,25
4,26,939.9453262786596,183.82363315696648,0,26
4,27,676.0506912442396,164.46543778801842,0,27
4,28,895.6396648044692,177.98603351955308,0,28
4,29,415.9691358024691,173.58641975308643,0,29
4,30,983.8418367346939,190.7278911564626,0,30
4,31,391.40042372881356,185.10805084745763,0,31
4,32,676.2483370288248,200.3658536585366,0,32
4,33,653.1106382978724,212.47021276595746,0,33
4,34,49.41818181818182,204.76363636363635,0,34
4,35,475.98595943837756,197.38221528861155,0,35
4,36,562.0951276102088,206.37587006960558,0,36
4,37,607.5285714285715,210.11428571428573,0,37
4,38,98.55,217.26,0,38
4,39,84.24630541871922,225.4975369458128,0,39
4,40,672.7864923747277,250.86056644880173,0,40
4,41,93.43761996161228,240.28598848368523,0,41
4,42,145.73707865168538,242.66067415730336,0,42
4,43,101.0,256.9834710743802,0,43
4,44,253.858310626703,274.00544959128064,0,44
4,45,126.53129346314326,266.980528511822,0,45
4,46,643.480198019802,279.5495049504951,0,46
4,47,438.5450819672131,287.73975409836066,0,47
4,48,464.0560897435897,290.62820512820514,0,48
4,49,409.7967032967033,285.3159340659341,0,49
4,50,65.63595839524517,290.65527488855867,0,50
4,51,93.72121212121212,291.23636363636365,0,51
4,52,112.87964601769912,294.9522123893805,0,52
4,53,430.80232558139534,303.0581395348837,0,53
4,54,70.36585365853658,326.7177700348432,0,54
4,55,416.8756218905473,312.71144278606965,0,55
4,56,56.0702875399361,317.01916932907346,0,56
4,57,105.07413793103449,325.86551724137934,0,57
4,58,89.65277777777777,320.0625,0,58
4,59,599.0536540240518,380.4708603145236,0,59
4,60,615.2296173044925,368.1281198003328,0,60
4,61,398.0824175824176,373.5879120879121,0,61
4,62,642.8481481481482,370.27037037037036,0,62
4,63,687.6673773987206,381.7547974413646,0,63
4,64,669.3966101694915,394.9898305084746,0,64
4,65,757.024077046549,423.223113964687,0,65
4,66,743.3056768558952,440.7860262008734,0,66
4,67,294.4084745762712,430.44237288135594,0,67
4,68,171.98130841121494,476.50467289719626,0,68
4,69,190.5361757105943,495.80103359173125,0,69
4,70,83.85689045936395,523.8409893992933,0,70
4,71,611.1318242343542,519.2103861517976,0,71
4,72,313.6061381074169,532.6445012787724,0,72
4,73,467.5777777777778,535.52,0,73
4,74,434.85849056603774,538.9952830188679,0,74
4,75,593.9381898454747,540.1456953642385,0,75
4,76,644.920245398773,540.9325153374233,0,76
4,77,327.8719806763285,550.6690821256038,0,77
4,78,587.5954773869347,559.8115577889447,0,78
4,79,282.3259052924791,562.5376044568245,0,79
4,80,638.9582504970178,560.986083499006,0,80
4,81,706.8223583460949,571.9326186830016,0,81
4,82,673.1654135338346,580.4022556390977,0,82
4,83,637.4128440366973,576.1284403669724,0,83
4,84,314.6433770014556,581.2328966521106,0,84
4,85,641.42194092827,600.7594936708861,0,85
4,86,671.6447368421053,598.1513157894736,0,86
4,87,711.3764478764479,594.8571428571429,0,87
4,88,766.7673267326733,606.5841584158416,0,88
4,89,743.0308641975308,608.6296296296297,0,89
4,90,867.0588235294117,641.5023529411765,0,90
4,91,836.2785977859778,623.1143911439115,0,91
4,92,734.3033509700176,621.7654320987655,0,92
4,93,902.5548060708263,630.7554806070826,0,93
4,94,126.98429319371728,637.8429319371728,0,94
4,95,830.1388455538222,648.5195007800312,0,95
4,96,883.7628865979382,636.8762886597938,0,96
4,97,944.72,646.7146666666666,0,97
4,98,854.5327102803739,645.2990654205607,0,98
4,99,716.0468164794007,647.6704119850187,0,99
4,100,774.2862010221465,648.7751277683135,0,100
4,101,910.3942652329749,660.5143369175627,0,101
4,102,588.168202764977,655.7027649769585,0,102
4,103,934.2444444444444,656.2444444444444,0,103
4,104,823.169014084507,669.8478873239436,0,104
4,105,191.1712121212121,668.9833333333333,0,105
4,106,682.3852140077821,666.2782101167315,0,106
4,107,774.4963503649635,663.3868613138686,0,107
4,108,806.2138728323699,680.5924855491329,0,108
4,109,749.5545212765958,673.8470744680851,0,109
4,110,333.02,684.4377777777778,0,110
4,111,963.6034816247583,709.6750483558994,0,111
4,112,164.91549295774647,704.8192488262911,0,112
4,113,346.8126009693053,704.4830371567043,0,113
4,114,286.3486842105263,713.0526315789474,0,114
4,115,351.1497175141243,725.2994350282486,0,115
4,116,441.25981873111783,727.9516616314199,0,116
4,117,543.6660516605166,748.9077490774907,0,117
4,118,526.506230529595,760.8457943925233,0,118
4,119,149.24858757062148,755.3644067796611,0,119
4,120,443.4485596707819,749.8189300411523,0,120
4,121,496.8316430020284,763.7768762677484,0,121
4,122,891.3041237113403,762.409793814433,0,122
4,123,702.093137254902,770.5,0,123
4,124,465.04491017964074,779.5254491017964,0,124
4,125,662.4130982367758,783.977329974811,0,125
4,126,925.10147299509,780.7774140752864,0,126
4,127,622.7994858611826,781.8843187660668,0,127
4,128,527.364705882353,800.1137254901961,0,128
4,129,577.5192878338279,789.7507418397627,0,129
4,130,697.3585858585859,799.5378787878788,0,130
4,131,483.47115384615387,795.25,0,131
4,132,468.6480769230769,803.6211538461539,0,132
4,133,506.1528384279476,807.3187772925764,0,133
4,134,757.7380952380952,830.0842490842491,0,134
4,135,720.8028985507246,814.4376811594203,0,135
4,136,708.6993318485523,829.5233853006681,0,136
4,137,735.9937888198758,831.0455486542443,0,137
4,138,465.07042253521126,826.9647887323944,0,138
4,139,528.1545454545454,830.3227272727273,0,139
4,140,508.1297071129707,840.2196652719665,0,140
4,141,689.076167076167,843.2235872235872,0,141
4,142,227.79705882352943,844.385294117647,0,142
4,143,472.963249516441,850.2611218568666,0,143
4,144,461.8052930056711,868.8487712665407,0,144
4,145,462.04675324675327,889.0,0,145
4,146,363.4051565377532,901.780847145488,0,146
4,147,96.76508972267537,894.8352365415986,0,147
4,148,736.9420560747664,921.0747663551402,0,148
4,149,116.32445520581113,916.4963680387409,0,149
4,150,339.59381898454745,957.0110375275938,0,150
4,151,454.4438040345821,974.9394812680115,0,151
5,1,725.3615384615384,81.80615384615385,0,1
5,2,786.8601398601398,121.93706293706293,0,2
5,3,823.7125,138.065625,0,3
5,4,637.5057208237986,157.90389016018307,0,4
5,5,263.0403022670025,162.544080604534,0,5
5,6,218.2798353909465,171.74074074074073,0,6
5,7,263.50787401574803,185.62992125984252,0,7
5,8,841.0586956521739,286.9304347826087,0,8
5,9,824.0355239786857,302.3108348134991,0,9
5,10,611.7083993660856,294.0633914421553,0,10
5,11,811.8539898132428,321.69439728353143,0,11
5,12,855.4747774480712,326.8041543026706,0,12
5,13,800.9800498753117,343.5810473815461,0,13
5,14,218.7412398921833,357.54716981132077,0,14
5,15,265.8393665158371,368.25113122171945,0,15
5,16,195.39276485788113,380.61240310077517,0,16
5,17,245.90526315789472,375.9578947368421,0,17
5,18,226.4304461942257,381.0209973753281,0,18
5,19,271.6686046511628,391.53197674418607,0,19
5,20,855.9762470308789,538.2042755344418,0,20
5,21,340.996644295302,645.3104026845638,0,21
5,22,961.5649350649351,781.3636363636364,0,22
5,23,683.6303501945525,786.6887159533073,0,23
5,24,719.7137254901961,798.5764705882353,0,24
5,25,651.0299684542587,804.1845425867508,0,25
5,26,190.99555555555557,843.7733333333333,0,26
5,27,180.12301587301587,865.5972222222222,0,27
5,28,218.56103286384976,885.3169014084507,0,28
5,29,244.1327160493827,885.1975308641976,0,29
5,30,273.87781350482317,918.572347266881,0,30
6,1,394.92087912087914,72.05494505494505,0,1
6,2,379.6390977443609,87.66917293233082,0,2
6,3,359.75897435897434,96.23076923076923,0,3
6,4,770.3122302158273,188.0589928057554,0,4
6,5,164.38139059304703,217.17995910020448,0,5
6,6,485.58249158249157,238.2171717171717,0,6
6,7,171.1878787878788,246.0909090909091,0,7
6,8,164.63169642857142,265.62276785714283,0,8
6,9,213.63386727688788,262.0183066361556,0,9
6,10,330.8463035019455,281.4027237354086,0,10
6,11,311.4927857935627,296.2086570477247,0,11
6,12,241.6167557932264,291.6862745098039,0,12
6,13,299.6162310866575,314.08803301237964,0,13
6,14,364.00647948164146,333.9200863930885,0,14
6,15,126.83833718244804,341.95842956120094,0,15
6,16,436.1301460823373,368.5205843293493,0,16
6,17,693.8098290598291,376.12179487179486,0,17
6,18,523.7787021630616,370.2362728785358,0,18
6,19,481.710875331565,386.6710875331565,0,19
6,20,870.6492637215529,388.68942436412317,0,20
6,21,450.0605427974948,398.7348643006263,0,21
6,22,510.6058631921824,390.5732899022801,0,22
6,23,548.5894736842105,394.6701754385965,0,23
6,24,941.3447293447293,404.2079772079772,0,24
6,25,512.6252631578948,413.0736842105263,0,25
6,26,219.916015625,461.5859375,0,26
6,27,489.1901041666667,497.203125,0,27
6,28,946.0062434963579,501.05098855359,0,28
6,29,488.8126126126126,521.1495495495495,0,29
6,30,737.4421487603306,523.5537190082645,0,30
6,31,539.5200945626477,542.8581560283687,0,31
6,32,774.7107692307692,537.9476923076924,0,32
6,33,207.93762575452718,557.020120724346,0,33
6,34,288.17518248175185,548.6350364963504,0,34
6,35,499.57055214723925,547.0633946830266,0,35
6,36,542.9934640522875,613.8001867413632,0,36
6,37,548.1333333333333,569.9666666666667,0,37
6,38,629.42175066313,593.7533156498673,0,38
6,39,524.7209612817089,642.3898531375166,0,39
6,40,763.3426395939086,628.7614213197969,0,40
6,41,695.657926102503,650.1120381406437,0,41
6,42,831.9740518962076,634.2754491017964,0,42
6,43,534.6666666666666,644.2291666666666,0,43
6,44,569.9494252873563,652.8045977011494,0,44
6,45,725.1419624217119,659.5135699373695,0,45
6,46,605.6258322237018,676.2396804260985,0,46
6,47,787.3172905525847,650.0534759358288,0,47
6,48,588.2821229050279,665.4972067039106,0,48
6,49,502.7208053691275,691.8657718120805,0,49
6,50,476.83807439824943,688.3238512035011,0,50
6,51,979.3982102908277,689.1163310961969,0,51
6,52,517.5204081632653,683.4795918367347,0,52
6,53,537.0919540229885,689.6850574712644,0,53
6,54,953.8636363636364,697.5165289256198,0,54
6,55,557.2186046511628,700.5372093023256,0,55
6,56,429.04,705.015,0,56
6,57,624.1271186440678,710.9237288135594,0,57
6,58,572.9108910891089,707.5346534653465,0,58
6,59,950.7776183644189,722.5164992826399,0,59
6,60,581.6021126760563,718.9014084507043,0,60
6,61,532.9502164502164,726.0194805194806,0,61
6,62,980.660606060606,721.9151515151515,0,62
6,63,587.1065693430656,738.9547445255474,0,63
6,64,540.8202567760343,754.0970042796006,0,64
6,65,615.2681047765793,751.5593220338983,0,65
6,66,700.0665610142631,784.1267828843106,0,66
6,67,655.5929487179487,766.5657051282051,0,67
6,68,233.06359649122808,784.5109649122807,0,68
6,69,92.10093896713614,786.5762910798122,0,69
6,70,42.64,793.8685714285714,0,70
6,71,733.9590395480226,823.5550847457627,0,71
6,72,79.6148969889065,807.9160063391442,0,72
6,73,856.6942675159236,821.4490445859873,0,73
6,74,774.0516605166051,820.3745387453874,0,74
6,75,854.6310096153846,845.5588942307693,0,75
6,76,756.4907407407408,831.2222222222222,0,76
6,77,794.5991091314031,853.9543429844098,0,77
6,78,831.5029850746268,855.0761194029851,0,78
6,79,889.46547314578,848.1381074168798,0,79
6,80,780.4979838709677,871.1995967741935,0,80
6,81,943.9766081871345,877.4912280701755,0,81
6,82,560.2597809076682,894.2723004694835,0,82
6,83,208.36326530612246,944.1877551020408,0,83
6,84,161.16919191919192,942.030303030303,0,84
6,85,795.7589285714286,953.8727678571429,0,85
6,86,579.3068493150685,959.1890410958904,0,86
6,87,181.96555435952638,968.4800861141011,0,87
6,88,212.17006802721087,961.8639455782313,0,88
6,89,547.2994652406417,971.5935828877006,0,89
6,90,149.040733197556,981.8289205702648,0,90
6,91,531.9842519685039,985.7795275590552,0,91
7,1,374.5349301397206,54.98203592814371,0,1
7,2,724.6363636363636,39.35227272727273,0,2
7,3,756.952012383901,53.62074303405573,0,3
7,4,831.6009975062344,76.7568578553616,0,4
7,5,794.8306010928961,52.97267759562842,0,5
7,6,353.95290858725764,64.57894736842105,0,6
7,7,810.754,83.494,0,7
7,8,113.18039215686275,79.03529411764706,0,8
7,9,918.1277890466531,81.868154158215,0,9
7,10,870.0527156549521,95.870607028754,0,10
7,11,895.5025641025641,92.99145299145299,0,11
7,12,920.5414012738853,98.89808917197452,0,12
7,13,954.2325581395348,110.11782945736434,0,13
7,14,863.5,112.69827586206897,0,14
7,15,848.6597353497165,122.48771266540643,0,15
7,16,804.7333333333333,139.88666666666666,0,16
7,17,671.684350132626,143.79310344827587,0,17
7,18,408.921146953405,143.415770609319,0,18
7,19,503.5540229885057,155.1448275862069,0,19
7,20,543.7110187110187,166.47609147609148,0,20
7,21,670.4079320113315,192.05665722379604,0,21
7,22,112.5028901734104,186.72254335260115,0,22
7,23,89.3061224489796,205.3877551020408,0,23
7,24,366.18290258449304,233.60039761431412,0,24
7,25,930.3549695740365,226.64300202839758,0,25
7,26,338.97339246119736,242.93126385809313,0,26
7,27,942.5699588477366,251.0761316872428,0,27
7,28,474.3291770573566,280.94389027431424,0,28
7,29,159.19475138121547,321.39088397790056,0,29
7,30,672.5871559633027,304.697247706422,0,30
7,31,98.24163027656478,317.646288209607,0,31
7,32,184.98543689320388,320.6990291262136,0,32
7,33,646.3071104387292,349.05295007564297,0,33
7,34,722.992,315.24,0,34
7,35,232.68671328671329,331.66713286713286,0,35
7,36,687.477653631285,325.9413407821229,0,36
7,37,661.2669172932331,335.203007518797,0,37
7,38,97.58369723435226,338.9490538573508,0,38
7,39,94.24050632911393,328.2025316455696,0,39
7,40,152.1480686695279,346.7575107296137,0,40
7,41,708.4469589816124,340.94908062234794,0,41
7,42,131.12698412698413,348.34391534391534,0,42
7,43,918.8954314720812,359.41218274111674,0,43
7,44,99.41911764705883,353.6397058823529,0,44
7,45,717.0289855072464,362.407867494824,0,45
7,46,137.15986949429038,366.72756933115824,0,46
7,47,100.70348837209302,373.4011627906977,0,47
7,48,183.28571428571428,381.6060606060606,0,48
7,49,677.7428571428571,371.55,0,49
7,50,690.7890625,361.4140625,0,50
7,51,735.2398843930636,375.3612716763006,0,51
7,52,126.6013986013986,375.8181818181818,0,52
7,53,167.35177865612647,383.8300395256917,0,53
7,54,906.3582375478927,381.96360153256705,0,54
7,55,203.24129353233832,390.17661691542287,0,55
7,56,243.0066225165563,398.9028697571744,0,56
7,57,222.91666666666666,398.25,0,57
7,58,153.77373737373736,400.6484848484848,0,58
7,59,517.1597510373444,414.97095435684645,0,59
7,60,137.5928270042194,506.26160337552744,0,60
7,61,550.3654545454546,534.0654545454546,0,61
7,62,596.5489749430524,538.9567198177676,0,62
7,63,430.63695652173914,544.6695652173913,0,63
7,64,621.0829694323144,569.8995633187773,0,64
7,65,657.3206106870228,567.6564885496183,0,65
7,66,411.55506607929516,587.5044052863436,0,66
7,67,604.9021739130435,639.1847826086956,0,67
7,68,853.8492753623188,664.7695652173913,0,68
7,69,753.2739212007505,660.9099437148218,0,69
7,70,819.7043795620438,668.2554744525547,0,70
7,71,295.7216494845361,686.6989690721649,0,71
7,72,266.8540305010893,692.5054466230937,0,72
7,73,847.5570934256056,687.1557093425605,0,73
7,74,813.9836956521739,691.3328804347826,0,74
7,75,676.5893719806763,706.1449275362319,0,75
7,76,58.64609053497942,713.3045267489712,0,76
7,77,460.2027334851936,739.248291571754,0,77
7,78,489.5064935064935,758.4588744588744,0,78
7,79,295.2636165577342,770.8039215686274,0,79
7,80,386.00455580865605,888.7243735763097,0,80
7,81,386.051930758988,911.8109187749667,0,81
7,82,370.7591743119266,929.6032110091743,0,82
7,83,396.74074074074076,933.0987654320987,0,83
7,84,413.9316239316239,943.1424501424501,0,84
7,85,881.4246987951807,944.4427710843373,0,85
7,86,936.7724867724868,950.3139329805997,0,86
7,87,447.60178970917224,962.0782997762864,0,87
7,88,500.21826280623605,976.4810690423162,0,88
8,1,719.5076923076923,51.72923076923077,0,1
8,2,175.6816976127321,85.0291777188329,0,2
8,3,205.30084745762713,99.36864406779661,0,3
8,4,929.4435146443515,120.69874476987448,0,4
8,5,194.41978609625667,117.21657754010695,0,5
8,6,234.9103139013453,120.39910313901345,0,6
8,7,496.9063670411985,131.81647940074907,0,7
8,8,647.0932203389831,151.02824858757063,0,8
8,9,409.3717277486911,142.0366492146597,0,9
8,10,232.45454545454547,139.75935828877004,0,10
8,11,270.7951219512195,150.7609756097561,0,11
8,12,905.0043103448276,158.86637931034483,0,12
8,13,421.86538461538464,167.42948717948718,0,13
8,14,661.9072164948453,190.1958762886598,0,14
8,15,484.18257261410787,211.51452282157678,0,15
8,16,528.238255033557,234.51006711409397,0,16
8,17,590.7578125,259.609375,0,17
8,18,551.3607427055703,265.51724137931035,0,18
8,19,612.2265193370166,265.939226519337,0,19
8,20,375.70588235294116,314.99439775910366,0,20
8,21,416.61672473867594,379.22648083623693,0,21
8,22,448.55692307692306,398.0338461538461,0,22
8,23,435.4811320754717,403.42452830188677,0,23
8,24,434.05573770491804,416.7245901639344,0,24
8,25,879.5897435897435,415.8937728937729,0,25
8,26,67.69465648854961,434.70737913486005,0,26
8,27,473.1543859649123,435.03508771929825,0,27
8,28,913.7876447876448,440.6138996138996,0,28
8,29,571.8430420711974,456.331715210356,0,29
8,30,257.0790441176471,476.78125,0,30
8,31,87.63146997929607,489.6811594202899,0,31
8,32,109.4904214559387,511.22796934865903,0,32
8,33,282.2265372168285,534.8025889967638,0,33
8,34,489.42052023121386,576.6690751445087,0,34
8,35,395.0821917808219,559.5812133072407,0,35
8,36,469.19415448851777,569.2484342379959,0,36
8,37,185.2993079584775,586.4948096885813,0,37
8,38,255.7365010799136,593.8034557235421,0,38
8,39,405.25696594427245,593.9427244582043,0,39
8,40,234.2907949790795,592.9205020920502,0,40
8,41,209.3514739229025,597.3764172335601,0,41
8,42,276.4015444015444,599.976833976834,0,42
8,43,78.17250673854447,629.6361185983827,0,43
8,44,95.81922196796339,680.1144164759726,0,44
8,45,77.03095238095239,689.8309523809523,0,45
8,46,464.82007575757575,706.9488636363636,0,46
8,47,553.8683693516699,702.3349705304519,0,47
8,48,156.12082262210797,719.3393316195372,0,48
8,49,130.09259259259258,722.9470899470899,0,49
8,50,184.66519823788545,750.3788546255506,0,50
8,51,653.2269938650306,733.6779141104295,0,51
8,52,852.9849749582638,804.2320534223707,0,52
8,53,762.9382716049382,751.3415637860082,0,53
8,54,204.40763052208834,768.5180722891566,0,54
8,55,144.73375262054506,753.2641509433962,0,55
8,56,167.4551724137931,768.3793103448276,0,56
8,57,227.66184448462928,796.3598553345389,0,57
8,58,179.9946452476573,795.0307898259706,0,58
8,59,248.9115523465704,801.2617328519856,0,59
8,60,139.65897435897435,788.7102564102564,0,60
8,61,779.4877049180328,785.9631147540983,0,61
8,62,865.2,788.2813008130081,0,62
8,63,214.04504504504504,797.7027027027027,0,63
8,64,804.0915662650602,820.722891566265,0,64
8,65,818.4433962264151,815.6415094339623,0,65
8,66,303.8083735909823,842.695652173913,0,66
8,67,854.3327067669173,831.3063909774436,0,67
8,68,207.49765258215962,836.6291079812206,0,68
8,69,286.4819004524887,855.4683257918552,0,69
8,70,252.5569358178054,854.5693581780538,0,70
8,71,845.1616161616162,849.8181818181819,0,71
8,72,76.3955223880597,904.5621890547263,0,72
8,73,73.58129175946547,933.1202672605791,0,73
8,74,60.64179104477612,951.9328358208955,0,74
8,75,818.728813559322,971.9604519774011,0,75
9,1,586.1932367149758,59.8743961352657,0,1
9,2,247.29813664596273,82.0,0,2
9,3,607.4731707317073,72.92439024390244,0,3
9,4,272.1371681415929,88.58185840707965,0,4
9,5,69.58397932816537,106.15245478036175,0,5
9,6,48.74285714285714,132.8247619047619,0,6
9,7,590.9970930232558,135.86918604651163,0,7
9,8,516.384,141.06133333333332,0,8
9,9,741.6649484536083,137.70618556701032,0,9
9,10,674.4819277108434,148.9156626506024,0,10
9,11,470.82619647355165,167.06297229219143,0,11
9,12,502.93612334801765,191.05947136563876,0,12
9,13,474.3916083916084,196.270979020979,0,13
9,14,982.3830508474576,206.8135593220339,0,14
9,15,722.8885542168674,205.210843373494,0,15
9,16,963.5964523281597,229.47450110864744,0,16
9,17,755.9645390070922,223.46453900709218,0,17
9,18,721.9345454545454,229.4109090909091,0,18
9,19,397.52,243.0425,0,19
9,20,615.6451612903226,258.70018975332067,0,20
9,21,464.2556962025316,250.76455696202532,0,21
9,22,444.40235294117645,255.34823529411764,0,22
9,23,930.5680751173709,249.27230046948358,0,23
9,24,423.02714932126696,250.73303167420815,0,24
9,25,674.1848484848484,255.14848484848486,0,25
9,26,720.992125984252,252.83267716535434,0,26
9,27,685.7083333333334,265.8958333333333,0,27
9,28,727.1827411167512,273.89340101522845,0,28
9,29,439.59288537549406,295.701581027668,0,29
9,30,686.3119777158774,281.091922005571,0,30
9,31,127.19430485762145,309.61139028475714,0,31
9,32,700.4932432432432,294.4189189189189,0,32
9,33,704.7,311.13243243243244,0,33
9,34,654.3979328165375,303.59948320413434,0,34
9,35,107.74290484140234,322.5108514190317,0,35
9,36,546.2488038277512,353.23444976076553,0,36
9,37,691.5140186915888,348.1978193146417,0,37
9,38,152.88888888888889,351.1354166666667,0,38
9,39,797.8988580750408,351.7650897226754,0,39
9,40,563.1135857461024,368.55902004454344,0,40
9,41,192.64927536231883,360.9304347826087,0,41
9,42,638.8543046357615,375.0066225165563,0,42
9,43,116.75855513307985,383.96958174904944,0,43
9,44,96.89880952380952,378.3184523809524,0,44
9,45,732.7423687423687,370.30280830280833,0,45
9,46,168.3177777777778,377.64444444444445,0,46
9,47,780.414590747331,393.7419928825623,0,47
9,48,229.64768683274022,377.8950177935943,0,48
9,49,949.3805774278215,387.8267716535433,0,49
9,50,262.75945945945944,392.8891891891892,0,50
9,51,128.16083916083917,406.9324009324009,0,51
9,52,146.06312292358805,418.5897009966777,0,52
9,53,220.49,401.46,0,53
9,54,812.3345132743362,418.9982300884956,0,54
9,55,594.0886075949367,430.27341772151897,0,55
9,56,108.88311688311688,438.6248196248196,0,56
9,57,163.2952182952183,432.18503118503116,0,57
9,58,547.532008830022,415.6909492273731,0,58
9,59,516.3780120481928,431.8644578313253,0,59
9,60,401.6470588235294,430.8122171945701,0,60
9,61,368.62615101289134,439.95948434622466,0,61
9,62,802.7031700288185,440.60806916426515,0,62
9,63,121.87951807228916,434.5903614457831,0,63
9,64,562.893023255814,448.3906976744186,0,64
9,65,603.4857142857143,462.909243697479,0,65
9,66,509.7108262108262,456.14814814814815,0,66
9,67,529.862660944206,449.25321888412014,0,67
9,68,796.8762886597938,464.75515463917526,0,68
9,69,564.1711111111111,477.34222222222223,0,69
9,70,494.8528735632184,473.016091954023,0,70
9,71,828.0916230366493,479.32722513089004,0,71
9,72,853.2602040816327,487.9438775510204,0,72
9,73,517.8594771241831,509.16013071895424,0,73
9,74,848.7350157728706,515.6656151419559,0,74
9,75,223.18568232662193,544.2214765100671,0,75
9,76,901.2096774193549,535.008064516129,0,76
9,77,245.4144927536232,553.9043478260869,0,77
9,78,298.2282608695652,565.1576086956521,0,78
9,79,519.25,575.75,0,79
9,80,691.8306878306878,588.4074074074074,0,80
9,81,283.6405109489051,591.1642335766423,0,81
9,82,291.7721518987342,578.2151898734177,0,82
9,83,259.8125,585.4285714285714,0,83
9,84,259.4733606557377,599.2008196721312,0,84
9,85,339.52932551319645,609.5850439882698,0,85
9,86,544.29296875,596.18359375,0,86
9,87,653.2052785923754,636.4193548387096,0,87
9,88,261.0817610062893,623.2735849056604,0,88
9,89,559.6906779661017,623.5974576271186,0,89
9,90,670.0978260869565,650.95,0,90
9,91,267.45780051150894,654.3964194373401,0,91
9,92,292.9211356466877,648.3722397476341,0,92
9,93,955.464,672.338,0,93
9,94,687.8569157392686,666.4213036565977,0,94
9,95,708.9411764705883,675.5726643598616,0,95
9,96,913.9459459459459,661.6409266409266,0,96
9,97,802.1,669.3217391304348,0,97
9,98,722.2374581939799,694.6020066889632,0,98
9,99,287.4579831932773,695.4453781512605,0,99
9,100,248.5043227665706,712.4034582132565,0,100
9,101,214.08728179551122,716.4214463840399,0,101
9,102,702.09375,720.7716346153846,0,102
9,103,281.3301886792453,728.7311320754717,0,103
9,104,252.268156424581,737.7430167597765,0,104
9,105,226.8454810495627,747.9416909620991,0,105
9,106,718.2515883100381,789.5705209656925,0,106
9,107,416.682092555332,771.2173038229377,0,107
9,108,363.55536626916523,794.5860306643953,0,108
9,109,336.77287581699346,800.1388888888889,0,109
9,110,401.6581740976645,790.1252653927813,0,110
9,111,743.5352798053528,804.7299270072992,0,111
9,112,703.368909512761,817.2320185614849,0,112
9,113,313.87,817.31,0,113
9,114,83.17055393586006,811.2551020408164,0,114
9,115,853.1813953488372,825.9813953488372,0,115
9,116,85.24807692307692,832.1673076923076,0,116
9,117,919.0714285714286,838.9873949579832,0,117
9,118,167.03134796238245,852.0376175548589,0,118
9,119,941.5339805825242,860.9352750809062,0,119
9,120,135.7908653846154,867.0649038461538,0,120
9,121,920.9310344827586,873.816091954023,0,121
9,122,167.92844036697247,891.8752293577982,0,122
9,123,628.4266666666666,887.8826666666666,0,123
9,124,143.86065573770492,891.8469945355191,0,124
9,125,945.5147540983606,900.1114754098361,0,125
9,126,279.63197026022306,942.8921933085502,0,126
9,127,660.3796133567663,950.8488576449912,0,127
9,128,616.5620437956204,948.9099756690997,0,128
9,129,637.3850746268656,949.2776119402985,0,129
9,130,318.17922077922077,958.4597402597402,0,130
9,131,297.85855263157896,957.1513157894736,0,131
10,1,474.2047619047619,67.18571428571428,0,1
10,2,587.4964200477327,75.10262529832936,0,2
10,3,177.8957055214724,81.69018404907976,0,3
10,4,617.5819209039548,83.24293785310735,0,4
10,5,652.7020725388601,95.360103626943,0,5
10,6,822.2594936708861,115.31012658227849,0,6
10,7,621.3460490463216,121.34332425068119,0,7
10,8,440.5987841945289,132.1337386018237,0,8
10,9,807.9195046439628,165.25077399380805,0,9
10,10,631.8994082840237,162.30769230769232,0,10
10,11,301.9600725952813,193.76950998185117,0,11
10,12,614.6756032171581,200.00804289544237,0,12
10,13,505.1956043956044,240.03076923076924,0,13
10,14,666.8856548856548,231.3887733887734,0,14
10,15,570.3860232945092,256.35108153078204,0,15
10,16,512.6787564766839,262.4507772020725,0,16
10,17,528.9316338354577,274.9073001158749,0,17
10,18,742.0243902439024,252.39467849223948,0,18
10,19,843.024,265.836,0,19
10,20,563.1922596754057,300.9051186017478,0,20
10,21,865.9,298.03333333333336,0,21
10,22,526.5980392156863,309.74183006535947,0,22
10,23,411.56854838709677,322.6532258064516,0,23
10,24,582.5425219941349,310.6950146627566,0,24
10,25,380.7772727272727,311.6136363636364,0,25
10,26,600.7016393442623,320.7016393442623,0,26
10,27,225.62154696132598,327.81767955801104,0,27
10,28,495.42946058091286,339.93153526970957,0,28
10,29,391.2631578947368,339.5394736842105,0,29
10,30,480.66375,361.94125,0,30
10,31,511.57943925233644,347.13084112149534,0,31
10,32,542.056768558952,342.5305676855895,0,32
10,33,514.2894736842105,372.4093567251462,0,33
10,34,535.9276859504132,376.36570247933884,0,34
10,35,463.7908745247148,381.3916349809886,0,35
10,36,681.6088328075709,386.8107255520505,0,36
10,37,424.7689655172414,399.23793103448276,0,37
10,38,498.5729537366548,404.9110320284698,0,38
10,39,743.9433551198257,413.3529411764706,0,39
10,40,668.0962441314554,407.8333333333333,0,40
10,41,480.4944237918216,413.8550185873606,0,41
10,42,701.9709035222052,439.2679938744257,0,42
10,43,452.40377358490565,416.8037735849057,0,43
10,44,973.2818181818182,434.1818181818182,0,44
10,45,720.5709677419355,430.1967741935484,0,45
10,46,522.028,429.28,0,46
10,47,734.3882352941176,427.70588235294116,0,47
10,48,684.9636363636364,464.85333333333335,0,48
10,49,167.0276008492569,468.67303609341826,0,49
10,50,754.8545994065282,447.08902077151333,0,50
10,51,662.2460496613995,466.9277652370203,0,51
10,52,718.3153153153153,458.4864864864865,0,52
10,53,146.0545905707196,476.5334987593052,0,53
10,54,726.1871921182266,475.79802955665025,0,54
10,55,121.70507399577167,518.1131078224101,0,55
10,56,520.9810810810811,496.7027027027027,0,56
10,57,637.2146892655368,499.3220338983051,0,57
10,58,676.2933104631218,521.4030874785592,0,58
10,59,133.34883720930233,500.6511627906977,0,59
10,60,655.8982300884956,520.5840707964602,0,60
10,61,164.02459016393442,530.1147540983607,0,61
10,62,142.33046471600687,538.5232358003442,0,62
10,63,102.75481611208406,559.6654991243432,0,63
10,64,853.79107505071,551.7180527383367,0,64
10,65,879.1079136690647,550.8968824940048,0,65
10,66,296.87893081761007,579.7122641509434,0,66
10,67,271.58194774346794,585.228028503563,0,67
10,68,86.74408284023669,612.0147928994082,0,68
10,69,109.77710843373494,626.843373493976,0,69
10,70,319.10198300283287,635.6260623229462,0,70
10,71,475.3924418604651,634.7645348837209,0,71
10,72,413.4939597315436,678.3194630872483,0,72
10,73,452.8584558823529,671.9448529411765,0,73
10,74,372.4520123839009,683.4551083591331,0,74
10,75,441.2587412587413,681.0419580419581,0,75
10,76,407.09584086799276,706.6003616636528,0,76
10,77,419.6601941747573,699.3398058252427,0,77
10,78,480.66401062417,718.5737051792829,0,78
10,79,822.7718794835007,715.12912482066,0,79
10,80,882.5422680412371,732.0515463917526,0,80
10,81,399.3605015673981,733.576802507837,0,81
10,82,449.62909836065575,723.1372950819672,0,82
10,83,861.1055555555556,738.4722222222222,0,83
10,84,449.0967741935484,738.7096774193549,0,84
10,85,851.1877022653722,758.7508090614887,0,85
10,86,448.013916500994,752.3836978131212,0,86
10,87,481.7695852534562,763.1290322580645,0,87
10,88,786.9795134443021,774.764404609475,0,88
10,89,819.0396600566572,762.8895184135978,0,89
10,90,43.20919540229885,771.7287356321839,0,90
10,91,315.90421455938696,765.3793103448276,0,91
10,92,833.9396551724138,759.5948275862069,0,92
10,93,757.5799573560768,783.5095948827292,0,93
10,94,804.945205479452,772.8767123287671,0,94
10,95,849.3408163265306,790.8265306122449,0,95
10,96,473.725,778.8375,0,96
10,97,462.90485829959516,789.1963562753036,0,97
10,98,808.6840277777778,799.5694444444445,0,98
10,99,833.1132686084143,805.5663430420713,0,99
10,100,744.6380697050938,815.7131367292225,0,100
10,101,603.47197640118,816.9646017699115,0,101
10,102,806.4825291181364,830.3810316139767,0,102
10,103,539.8512110726643,821.5017301038063,0,103
10,104,263.33528265107213,818.307992202729,0,104
10,105,570.079772079772,825.5014245014245,0,105
10,106,779.8883928571429,836.2991071428571,0,106
10,107,312.6013986013986,830.7039627039627,0,107
10,108,231.9,842.7790697674419,0,108
10,109,575.1685714285715,856.7142857142857,0,109
10,110,608.0865671641791,864.179104477612,0,110
10,111,638.0813648293963,903.3149606299213,0,111
10,112,722.1228501228501,928.2235872235872,0,112
10,113,773.1797235023041,941.831797235023,0,113
